SaveDataNumber,Job,Age,PlayTime,MapNumber
0,0,10,13.43623,0001
1,0,10,0.2271865,0107
2,0,14,3.469297,0001
3,0,10,0.4839446,0107